airline_type,total_fare_usd,load_factor_pct,fuel_cost_pct_opex
Flag Carrier,1141.082491954023,70.35845517241378,0.2807101609195402
Low Cost,1117.4226522988506,70.20591954022989,0.28187816091954027
