year,base_fare_usd,fuel_surcharge_usd,taxes_fees_usd
2019,826.7372474747475,75.77572222222221,116.09468686868688
2020,396.0834848484849,25.46836868686869,55.18393939393939
2021,763.6918737373737,83.76729797979797,107.1444898989899
2022,1186.5583737373738,156.00689898989899,166.18881818181816
2023,904.7645505050506,106.15889393939393,126.48709595959596
2024,907.8464797979798,109.4290101010101,126.84120707070707
2025,1024.338803030303,144.38867171717172,143.92929797979798
2026,2001.301797979798,427.9629696969697,284.25080808080804
